Date, Close/Last, Volume, Open, High, Low
03/30/2020, $98.83, 1966356, $97.84, $100.33, $95.72
03/27/2020, $98.43, 1625885, $99.22, $101.89, $95.66
03/26/2020, $101.34, 2229902, $94.72, $102.03, $93.01
03/25/2020, $92.99, 4559541, $90.58, $95.67, $88.84
03/24/2020, $89.5, 3037211, $90.15, $93.03, $87.49
03/23/2020, $85.42, 3411652, $89.975, $90.545, $82.51
03/20/2020, $90.34, 3946689, $102.4, $102.4, $90
03/19/2020, $102.61, 3098148, $107.12, $109.16, $100.615
03/18/2020, $108.41, 3937207, $101.55, $109.535, $98.61
03/17/2020, $108.11, 3420632, $99.3, $108.96, $97.1
03/16/2020, $97.55, 3687442, $91.84, $108.55, $88.3
03/13/2020, $107.33, 3063404, $97.35, $107.36, $95.01
03/12/2020, $91.73, 3494035, $97.08, $100.81, $91.68
03/11/2020, $105.52, 2359215, $109.08, $110.15, $103.97
03/10/2020, $112.79, 2795268, $108.13, $113.73, $106.2
03/09/2020, $103.64, 3009096, $106.15, $110.81, $103.5025
03/06/2020, $116.75, 2228735, $116.78, $118.37, $113.89
03/05/2020, $122.01, 2083924, $125.04, $125.23, $119.9595
03/04/2020, $128.76, 2005894, $125.36, $128.94, $124.035
03/03/2020, $123.49, 2985902, $124.44, $126.59, $121.1
03/02/2020, $125.48, 2737047, $119.11, $125.67, $117.76
02/28/2020, $118.01, 3329692, $115.93, $118.11, $113.69
02/27/2020, $119.84, 2036102, $123.86, $125.3, $119.76
02/26/2020, $126.61, 1697208, $127.2, $129.35, $126.58
02/25/2020, $126.54, 1865959, $132.74, $133.2, $125.98
02/24/2020, $131.75, 1288842, $132.36, $133.23, $130.91
02/21/2020, $136.27, 1059010, $137.64, $137.64, $134.84
02/20/2020, $137.74, 1105068, $138.91, $139.35, $136.83
02/19/2020, $139.06, 866752, $138.33, $139.36, $137.5
02/18/2020, $137.78, 870701, $137.4, $138.195, $136.635
02/14/2020, $137.39, 713895, $136.46, $137.485, $136.11
02/13/2020, $136.42, 1258225, $138.01, $138.01, $136.13
02/12/2020, $138.48, 940296, $138.87, $139.5, $137.12
02/11/2020, $138.61, 751251, $139.05, $139.815, $138.26
02/10/2020, $138.48, 783067, $138, $138.796, $137.41
02/07/2020, $138.24, 729016, $137.29, $138.57, $136.77
02/06/2020, $137.77, 1058006, $138.2, $139.47, $136.945
02/05/2020, $137.94, 1172592, $138.98, $138.99, $135.69
02/04/2020, $136.81, 1122490, $136.5, $137.9, $135.7
02/03/2020, $134.52, 1477809, $134.28, $136, $133.15
01/31/2020, $133.53, 1954830, $136.25, $136.34, $133.09
01/30/2020, $136.57, 1521112, $132.4, $136.65, $132.28
01/29/2020, $136.12, 1782911, $134.15, $137.485, $132.5
01/28/2020, $131.3, 1336044, $130.09, $131.94, $129.07
01/27/2020, $128.54, 1197425, $130.02, $130.6978, $127.43
01/24/2020, $131.18, 1019888, $133.96, $134.555, $130.37
01/23/2020, $133.21, 1108414, $131.44, $133.25, $130.64
01/22/2020, $132.57, 1178132, $132.91, $133.545, $132.24
01/21/2020, $132.3, 1491683, $131.74, $132.9223, $131.6
01/17/2020, $132.26, 1418615, $132.49, $132.755, $131.59
01/16/2020, $132.02, 921932, $131.02, $132.04, $130.74
01/15/2020, $130.15, 663060, $129.72, $130.715, $129.01
01/14/2020, $129.73, 980790, $131.04, $131.25, $129.42
01/13/2020, $131.03, 1733221, $127.97, $131.07, $127.82
01/10/2020, $127.46, 955014, $128.43, $128.87, $127.13
01/09/2020, $128.28, 903172, $127.69, $128.48, $126.83
01/08/2020, $127.22, 751109, $126.5, $128, $126.25
01/07/2020, $126.02, 826735, $125.42, $126.67, $125.245
01/06/2020, $125.52, 771309, $124.16, $125.57, $123.28
01/03/2020, $124.75, 958779, $123.9, $125.54, $123.105
01/02/2020, $125.16, 1315972, $122.35, $125.17, $122.25
12/31/2019, $121.84, 896312, $121.45, $122.1699, $120.93
12/30/2019, $121.81, 614105, $123.32, $123.32, $121.45
12/27/2019, $122.82, 511084, $123, $123.24, $122.55
12/26/2019, $122.87, 310633, $122.95, $122.95, $122.09
12/24/2019, $122.2, 318852, $121.99, $122.43, $121.19
12/23/2019, $121.62, 675482, $123.18, $123.18, $121.5
12/20/2019, $122.54, 2137077, $123.86, $123.86, $121.85
12/19/2019, $122.52, 852447, $122.1, $122.7, $121.93
12/18/2019, $122.4, 1015111, $123.2, $123.62, $121.91
12/17/2019, $123.02, 913029, $123.31, $123.71, $122.74
12/16/2019, $123.24, 806610, $124.25, $124.7, $123.12
12/13/2019, $123.22, 751207, $124.09, $124.61, $122.7
12/12/2019, $125.35, 1031308, $123.68, $126.16, $123.04
12/11/2019, $123.61, 835651, $122.73, $123.75, $122.34
12/10/2019, $122.35, 1413857, $124, $124, $122.21
12/09/2019, $124.5, 955288, $123.54, $124.98, $123.25
12/06/2019, $123.9, 776260, $124.59, $124.6, $123.795
12/05/2019, $123, 563296, $122.44, $123.11, $121.98
12/04/2019, $121.72, 532564, $121.37, $122.3747, $120.89
12/03/2019, $120.79, 761819, $120.42, $120.88, $118.94
12/02/2019, $122.26, 934149, $123.69, $123.91, $122.17
11/29/2019, $123.56, 322733, $123.51, $124, $123.16
11/27/2019, $123.71, 755683, $123.03, $123.955, $122.55
11/26/2019, $122.83, 1177451, $122.4, $122.88, $121.55
11/25/2019, $122.58, 522227, $121.63, $122.62, $121.09
11/22/2019, $121.02, 540663, $121.01, $121.15, $120.09
11/21/2019, $120.03, 603091, $120.83, $121.135, $118.79
11/20/2019, $120.93, 601205, $121.28, $121.6, $119.81
11/19/2019, $121.97, 696984, $121.86, $122.59, $121.16
11/18/2019, $121.36, 642333, $121, $121.51, $120.3601
11/15/2019, $121.46, 619288, $121.7, $122.13, $121.04
11/14/2019, $120.91, 602987, $120.61, $121.27, $119.855
11/13/2019, $120.59, 581984, $120.39, $120.65, $119.27
11/12/2019, $121.23, 820544, $120.53, $121.86, $119.88
11/11/2019, $120.42, 576179, $119.04, $120.44, $118.51
11/08/2019, $119.58, 1004926, $119.85, $119.94, $118.64
11/07/2019, $120.38, 705183, $121.15, $121.8, $120.12
11/06/2019, $120.06, 844590, $119.74, $120.19, $118.96
11/05/2019, $119.13, 892675, $117.71, $120, $117.71
11/04/2019, $118.53, 859664, $118.08, $118.91, $117.17
11/01/2019, $116.97, 792042, $117, $117.76, $116.385
10/31/2019, $115.8, 924526, $117.11, $117.57, $115.135
10/30/2019, $117.57, 676125, $117.07, $118, $116.7
10/29/2019, $117.76, 1073900, $116.56, $118.44, $116.56
10/28/2019, $117.08, 1244529, $114.46, $117.62, $114.01
10/25/2019, $113.71, 981979, $113.54, $114, $112
10/24/2019, $113.35, 1973773, $110.95, $113.52, $108.7601
10/23/2019, $108.38, 1989134, $108.24, $109.8, $108
10/22/2019, $108.19, 1364104, $111.26, $111.26, $107.9
10/21/2019, $110.94, 864857, $110.08, $111.01, $110.03
10/18/2019, $109.41, 1269566, $110.41, $110.44, $108.49
10/17/2019, $110.25, 701793, $111.69, $111.915, $110.13
10/16/2019, $111.065, 924865, $111.35, $111.76, $110.37
10/15/2019, $111.38, 892191, $110.91, $112.48, $110.09
10/14/2019, $110.32, 791961, $110.33, $110.72, $109.92
10/11/2019, $110.94, 1194957, $110.42, $112.27, $110.125
10/10/2019, $108.51, 991896, $108.31, $109.78, $108.26
10/09/2019, $108.06, 1228346, $108.76, $108.98, $107.87
10/08/2019, $107.74, 1281592, $109.05, $109.47, $107.43
10/07/2019, $109.93, 935491, $110.29, $111.18, $109.77
10/04/2019, $110.98, 834234, $109.68, $111.21, $109.31
10/03/2019, $109.53, 1016388, $108.45, $109.82, $107.37
10/02/2019, $109.05, 1485297, $110.72, $110.72, $108.52
10/01/2019, $111.41, 965579, $114.09, $114.7375, $111.18
09/30/2019, $114.25, 1016258, $113.69, $114.95, $112.625
09/27/2019, $113.03, 1049491, $111.42, $113.85, $111.42
09/26/2019, $112.03, 1565443, $114.41, $114.41, $111.91
09/25/2019, $114.32, 1245125, $114.4, $114.73, $110.875
09/24/2019, $114.27, 861749, $115.52, $116.3, $113.54
09/23/2019, $114.84, 864476, $113.67, $115.06, $113.34
09/20/2019, $114.34, 2409965, $116.4, $116.47, $114.06
09/19/2019, $116, 1029722, $116.99, $117.4, $115.78
09/18/2019, $117.11, 777756, $117.74, $117.8, $115.935
09/17/2019, $117.94, 751408, $116.63, $117.98, $115.63
09/16/2019, $116.85, 827478, $117.61, $118.14, $116.43
09/13/2019, $118.94, 1014434, $119.04, $119.42, $118.295
09/12/2019, $118.12, 1595707, $120.99, $120.99, $117.26
09/11/2019, $120.09, 1221463, $117.88, $120.14, $116.71
09/10/2019, $117.85, 1045834, $117.99, $118.17, $115.98
09/09/2019, $117.72, 918649, $116.61, $117.8601, $115.99
09/06/2019, $115.62, 799761, $115.3, $116.01, $114.97
09/05/2019, $115.05, 1143906, $112.79, $115.29, $112.35
09/04/2019, $110.98, 744853, $111.04, $111.88, $110.05
09/03/2019, $109.75, 900157, $109.83, $111.26, $108.85
08/30/2019, $110.62, 1051743, $110.66, $111.95, $110.23
08/29/2019, $109.99, 724293, $109.14, $110.225, $106.96
08/28/2019, $107.77, 816675, $106.43, $107.95, $105.91
08/27/2019, $107.08, 795969, $107.31, $107.979, $106.5
08/26/2019, $106.66, 585543, $106.69, $107.11, $105.27
08/23/2019, $105.61, 1199370, $108.5, $109.05, $104.93
08/22/2019, $109.18, 507781, $109.38, $109.75, $108.07
08/21/2019, $108.77, 700503, $109.07, $109.11, $108.32
08/20/2019, $107.82, 696369, $108.93, $109.19, $107.75
08/19/2019, $109.62, 722923, $109.26, $110.03, $108.58
08/16/2019, $107.37, 605481, $106.32, $107.805, $106.01
08/15/2019, $105.46, 941619, $105.72, $106.53, $104.735
08/14/2019, $105.36, 1248921, $106.13, $107.4, $105.11
08/13/2019, $108.56, 1171284, $106.65, $109.33, $105.95
08/12/2019, $106.61, 1232065, $107.45, $108.615, $106.12
08/09/2019, $108.65, 1166494, $109.46, $109.6, $107.67
08/08/2019, $110.25, 1158338, $108.52, $110.3, $107.66
08/07/2019, $107.04, 1338376, $106.58, $107.65, $104.93
08/06/2019, $107.26, 1373422, $106.81, $107.58, $105.35
08/05/2019, $105.71, 1713557, $108.4, $108.59, $105.06
08/02/2019, $110.05, 1155152, $109.99, $110.77, $107.96
08/01/2019, $110.47, 1173864, $113.53, $114.1, $109.73
07/31/2019, $113.39, 1951654, $115.42, $115.91, $112.385
07/30/2019, $115.36, 986740, $114.07, $115.42, $113.56
07/29/2019, $114.96, 1034550, $115.5, $116.2802, $114.7587
07/26/2019, $115.2, 1165251, $114.55, $115.675, $114.08
07/25/2019, $113.92, 1620231, $113.41, $114.95, $113.11
07/24/2019, $113.27, 1761980, $109.55, $113.34, $109.44
07/23/2019, $110.53, 1169956, $109.65, $110.8, $109.21
07/22/2019, $108.87, 937857, $108.32, $108.975, $107.445
07/19/2019, $108.47, 1762908, $109.97, $109.99, $108.13
07/18/2019, $109.63, 1182003, $108.88, $109.79, $108.3
07/17/2019, $108.88, 782406, $110.61, $110.61, $108.79
07/16/2019, $110.36, 619049, $110.87, $111.45, $110.29
07/15/2019, $110.38, 968568, $110.62, $110.86, $110.08
07/12/2019, $110.61, 830418, $109.87, $110.71, $109.08
07/11/2019, $109.32, 1081391, $110.06, $110.06, $107.74
07/10/2019, $109.45, 987596, $109.96, $110.97, $109.18
07/09/2019, $109.82, 1142079, $108.55, $109.87, $108.44
07/08/2019, $108.96, 785232, $109.78, $110.38, $108.71
07/05/2019, $110.42, 648835, $109.88, $110.45, $108.78
07/03/2019, $109.71, 487342, $109.08, $110.25, $108.69
07/02/2019, $108.6, 825143, $109.04, $109.26, $107.9625
07/01/2019, $109.05, 1176518, $111.46, $111.46, $108.15
06/28/2019, $109.71, 3896117, $109.5, $110.33, $108.74
06/27/2019, $108.54, 724828, $107.45, $108.81, $106.73
06/26/2019, $106.89, 674142, $106.04, $107.2, $105.71
06/25/2019, $105.92, 594753, $107.24, $107.24, $105.56
06/24/2019, $107.06, 913226, $108.6, $108.91, $106.58
06/21/2019, $108.32, 1673216, $109.83, $109.84, $108.25
06/20/2019, $109.59, 1185153, $109.13, $110.5, $108.065
06/19/2019, $107.84, 1346573, $107.39, $108, $106.39
06/18/2019, $107.4, 1045867, $105.54, $108, $105.405
06/17/2019, $105.05, 808328, $106.05, $106.29, $104.87
06/14/2019, $105.94, 792807, $102.66, $106.1237, $102.66
06/13/2019, $106.09, 871952, $105.47, $106.35, $104.73
06/12/2019, $105.86, 786977, $106.69, $106.81, $105.16
06/11/2019, $106.67, 867913, $107.8, $108.5, $106.275
06/10/2019, $106.97, 950670, $106.65, $107.73, $106.22
06/07/2019, $105.69, 961205, $104.25, $105.84, $103.79
06/06/2019, $103.73, 753941, $103.65, $104.05, $102.8984
06/05/2019, $103.44, 667812, $103.1, $103.51, $101.57
06/04/2019, $102.85, 1249170, $100.96, $102.86, $99.89
06/03/2019, $99.42, 2356587, $101.38, $101.71, $98.69
05/31/2019, $101.14, 1341230, $101.54, $101.96, $100.71
05/30/2019, $102.63, 831820, $102.55, $103.38, $101.98
05/29/2019, $102.21, 974238, $101.35, $102.32, $100.47
05/28/2019, $101.94, 1607328, $103.49, $103.75, $101.9
05/24/2019, $103.75, 766715, $103.55, $103.94, $102.86
05/23/2019, $102.79, 1123077, $104.22, $104.3, $102.29
05/22/2019, $105.28, 500432, $105.31, $105.84, $104.9
05/21/2019, $105.68, 485222, $105.03, $105.89, $104.88
05/20/2019, $104.13, 796021, $104.03, $104.63, $103.3601
05/17/2019, $104.38, 917937, $104.52, $106.31, $103.68
05/16/2019, $105.31, 940275, $104.35, $106.27, $104.13
05/15/2019, $103.96, 928130, $102.06, $104.56, $101.99
05/14/2019, $103.2, 898462, $101.53, $104, $101.32
05/13/2019, $101.13, 1602544, $103.54, $104.44, $100.96
05/10/2019, $105.59, 1627868, $102.59, $106.1, $102.06
05/09/2019, $102.84, 1144656, $102.02, $103.14, $100.52
05/08/2019, $102.99, 894879, $103.01, $103.85, $102.93
05/07/2019, $103.3, 1419340, $104.33, $105.25, $102.49
05/06/2019, $105.74, 943296, $105.06, $106.2, $104.22
05/03/2019, $106.86, 537096, $105.7, $106.92, $105.62
05/02/2019, $105.26, 1008101, $106.31, $106.84, $104.09
05/01/2019, $106.07, 975825, $107.94, $107.94, $105.96
04/30/2019, $107.5, 1136486, $107.42, $107.64, $106.2
04/29/2019, $107.28, 733613, $108.07, $108.41, $107.24
04/26/2019, $108.05, 880555, $107.79, $108.17, $106.075
04/25/2019, $107.66, 1226379, $109.59, $109.61, $107.5
04/24/2019, $109.76, 1527784, $111.73, $111.73, $106.15
04/23/2019, $107.5, 962339, $106.47, $107.78, $105.31
04/22/2019, $106.49, 1312760, $105.85, $106.75, $105.25
04/18/2019, $105.9, 1316763, $106.04, $106.26, $105.22
04/17/2019, $106.09, 881004, $107, $107, $105.54
04/16/2019, $106.68, 823691, $105.36, $106.85, $105.0836
04/15/2019, $104.95, 649815, $106, $106.29, $104.62
04/12/2019, $105.9, 778661, $106.17, $106.47, $104.78
04/11/2019, $104.75, 887501, $104.59, $105.62, $104.3094
04/10/2019, $104.05, 1026730, $104, $104.09, $102.31
04/09/2019, $103.82, 758832, $104.07, $104.49, $103.26
04/08/2019, $104.5, 828237, $104.44, $104.79, $104.1
04/05/2019, $104.44, 1035023, $103.49, $104.55, $103.11
04/04/2019, $103.01, 644028, $103.25, $103.78, $102.31
04/03/2019, $103.3, 944345, $103.94, $104.285, $103.22
04/02/2019, $103.27, 686946, $103.33, $103.69, $102.8
04/01/2019, $103.3, 1713278, $101.34, $103.63, $101.31
03/29/2019, $100.12, 935245, $100.03, $100.28, $99.45
03/28/2019, $99.09, 1266068, $99.24, $99.93, $98.74
03/27/2019, $99.09, 872199, $100.08, $100.75, $98.39
03/26/2019, $99.89, 940056, $99.07, $99.97, $98.68
03/25/2019, $98.22, 932815, $98.9, $99.39, $97.57
03/22/2019, $98.76, 1227516, $101.49, $101.68, $98.36
03/21/2019, $102.31, 1162844, $100.6, $102.51, $100.05
03/20/2019, $100.86, 1122452, $102.57, $102.57, $100.705
03/19/2019, $102.64, 1680064, $102.99, $104.17, $102.29
03/18/2019, $102.85, 1483408, $102.51, $103.16, $102.4
03/15/2019, $102.44, 2842189, $100.46, $102.57, $100.19
03/14/2019, $100.68, 1174375, $100.95, $100.95, $99.82
03/13/2019, $101.35, 1226035, $100.95, $101.46, $100.3
03/12/2019, $100.43, 1241405, $99.24, $100.59, $99.24
03/11/2019, $99.09, 1002461, $97.46, $99.15, $97.46
03/08/2019, $96.84, 1106800, $95.56, $96.92, $95.07
03/07/2019, $96.27, 1223496, $97.82, $98.15, $96.04
03/06/2019, $98.06, 1124566, $98.88, $99.26, $98.05
03/05/2019, $98.81, 1134306, $99.74, $99.74, $98.76
03/04/2019, $99.54, 1529987, $101.13, $101.74, $98.77
03/01/2019, $100.67, 1097756, $100.91, $102.325, $100.515
02/28/2019, $100.43, 1311637, $100.4, $100.815, $99.61
02/27/2019, $100.24, 1096766, $98.43, $100.3, $98.27
02/26/2019, $98.51, 1101252, $97.97, $99.13, $97.51
02/25/2019, $98.11, 1005121, $98.8, $99.56, $97.87
02/22/2019, $98.05, 1007564, $97.19, $98.13, $97.19
02/21/2019, $97.1, 1189005, $98.26, $98.36, $96.68
02/20/2019, $98.18, 1373360, $97.03, $98.18, $96.58
02/19/2019, $97.4, 1553319, $97.34, $97.58, $96.44
02/15/2019, $97.58, 1696044, $97.79, $97.84, $96.76
02/14/2019, $97.34, 1403186, $97.57, $98.04, $96.57
02/13/2019, $98.13, 1693954, $97.44, $98.93, $97.44
02/12/2019, $97.09, 1598943, $93.72, $97.15, $93.625
02/11/2019, $92.67, 1303363, $92.98, $93.065, $92.44
02/08/2019, $92.38, 1921204, $93.54, $93.8, $91.38
02/07/2019, $93.74, 1450303, $93.84, $94.49, $92.76
02/06/2019, $94.22, 1201583, $94.55, $95.0799, $93.86
02/05/2019, $94.6, 1453459, $95.24, $95.9338, $93.83
02/04/2019, $95.17, 1263157, $94.46, $95.19, $93.81
02/01/2019, $94.15, 1308409, $93.45, $94.5, $93.1
01/31/2019, $93.46, 2428458, $89.5, $93.6, $89.5
01/30/2019, $89.24, 5356420, $90.01, $90.67, $86.61
01/29/2019, $92.75, 1680913, $94.85, $94.91, $92.72
01/28/2019, $94.45, 1046027, $93.96, $94.63, $93.5
01/25/2019, $94.55, 1033377, $94.6, $95.46, $94.34
01/24/2019, $93.86, 1011500, $93.49, $94.37, $93.25
01/23/2019, $93.62, 1435890, $94.75, $94.75, $92.75
01/22/2019, $94.47, 1678574, $96.18, $96.31, $94.02
01/18/2019, $96.61, 1552187, $95.73, $96.77, $95.16
01/17/2019, $94.74, 1862194, $94.51, $95.415, $93.33
01/16/2019, $95.27, 2023926, $93.19, $95.835, $93
01/15/2019, $92.75, 1290517, $91.17, $92.77, $91.065
01/14/2019, $91.19, 1468033, $89.35, $92.075, $89.23
01/11/2019, $90.25, 2427268, $91.74, $91.74, $89.54
01/10/2019, $92.29, 1674028, $92.44, $92.82, $91.4
01/09/2019, $92.65, 1470440, $93.15, $93.68, $91.51
01/08/2019, $92.32, 1676709, $92.68, $93.32, $91.43
01/07/2019, $91.85, 1351760, $92.06, $92.91, $91.14
01/04/2019, $91.98, 1823811, $89.99, $92.06, $89.21
01/03/2019, $88.81, 1908997, $91.01, $91.64, $88.58
01/02/2019, $91.84, 1180463, $90.22, $92.42, $90.22
12/31/2018, $92.32, 1449392, $92.08, $92.69, $91.33
12/28/2018, $91.34, 1093573, $91.79, $92.42, $90.68
12/27/2018, $91.31, 1288340, $88.02, $91.37, $88
12/26/2018, $89.65, 1587739, $85.5, $89.73, $84.59
12/24/2018, $84.95, 1005519, $86.22, $87.5325, $84.79
12/21/2018, $86.78, 4232875, $87.88, $90.33, $86.39
12/20/2018, $87.3, 2156900, $87.72, $88.99, $86.91
12/19/2018, $88.41, 1863285, $91.22, $92.12, $88.07
12/18/2018, $90.8, 1787611, $91.81, $92.64, $90.33
12/17/2018, $91.03, 1946964, $91.96, $93.3252, $90.69
12/14/2018, $91.97, 1936721, $92.3, $93.42, $91.575
12/13/2018, $93.26, 1474707, $93.38, $93.61, $91.86
12/12/2018, $94.02, 2072565, $93.75, $95.32, $93.12
12/11/2018, $92.03, 1525573, $94.28, $94.91, $91.44
12/10/2018, $92.45, 1351081, $93.08, $93.88, $90.78
12/07/2018, $93.28, 2102869, $94.76, $96.63, $93.17
12/06/2018, $94.86, 2338745, $93.05, $94.98, $91.51
12/04/2018, $95.27, 1951227, $99.47, $99.53, $95
12/03/2018, $99.58, 2056957, $100.67, $101.47, $99.02
11/30/2018, $99.36, 3022078, $97.35, $99.61, $96.56
11/29/2018, $97.87, 1490597, $97.63, $98.9458, $97.09
11/28/2018, $98.34, 1666073, $94.96, $98.4, $94.34
11/27/2018, $94.87, 1258106, $95.49, $95.835, $94.36
11/26/2018, $95.96, 1037611, $95.9, $96.86, $95.26
11/23/2018, $94.65, 737517, $93.73, $95.55, $93.41
11/21/2018, $94.51, 1860299, $92.66, $95.11, $92.46
11/20/2018, $92, 2228743, $93.7, $94.49, $91.48
11/19/2018, $94.96, 1092325, $95.85, $95.89, $93.75
11/16/2018, $95.87, 1256853, $95.64, $96.42, $94.79
11/15/2018, $96.06, 1441500, $93.74, $96.07, $93.3
11/14/2018, $94.54, 1540045, $96.78, $97.44, $93.54
11/13/2018, $95.86, 1395434, $96.17, $97.17, $95.15
11/12/2018, $95.58, 1600440, $97.77, $98.46, $95.4
11/09/2018, $98.48, 1681539, $99.77, $99.77, $97.4
11/08/2018, $99.89, 1338732, $100.69, $101.23, $99.34
11/07/2018, $101.5, 1227325, $100.06, $101.6, $98.7
11/06/2018, $99.13, 1539129, $97.71, $99.2, $97.63
11/05/2018, $97.42, 891462, $96.85, $97.96, $96.17
11/02/2018, $96.93, 1311542, $98.6, $99.47, $96.43
11/01/2018, $98.02, 1543509, $96.89, $98.36, $95.81
10/31/2018, $96.99, 2490384, $97.57, $98.93, $96.91
10/30/2018, $96.22, 2349687, $94.4, $96.39, $93.68
10/29/2018, $93.77, 1874787, $95.55, $96.99, $92.12
10/26/2018, $93.87, 2814424, $94.07, $95.2, $92.2
10/25/2018, $95.52, 2875137, $94.98, $97.15, $92.01
10/24/2018, $93.87, 1895674, $98.02, $98.02, $93.31
10/23/2018, $97.82, 1432053, $96.34, $98.57, $95.37
10/22/2018, $99.4, 1092675, $100.71, $101.38, $99.34
10/19/2018, $100.06, 1664197, $99.98, $101.84, $99.63
10/18/2018, $99.85, 1716494, $102.42, $102.97, $99.57
10/17/2018, $102.66, 1528589, $101.78, $103.27, $100.83
10/16/2018, $101.96, 1420863, $101.43, $102.24, $100.08
10/15/2018, $100.67, 2048627, $99.58, $101.86, $98.03
10/12/2018, $100.21, 1995263, $101.01, $101.73, $98.79
10/11/2018, $98.51, 3052850, $101.55, $102.515, $98.26
10/10/2018, $101.55, 2572001, $107.75, $107.95, $101.39
10/09/2018, $107.99, 1559248, $108.63, $109.2, $107.71
10/08/2018, $109.23, 1115574, $108.72, $109.98, $108.02
10/05/2018, $109.32, 1401798, $111.24, $111.57, $108.94
10/04/2018, $110.8, 1437920, $111.52, $112.295, $110.02
10/03/2018, $111.78, 1035001, $111.56, $112.5504, $111.2
10/02/2018, $111.22, 869117, $110.03, $111.4, $109.63
10/01/2018, $109.86, 1019840, $109.59, $110.32, $108.62
09/28/2018, $109.18, 1350321, $109.32, $110.24, $109
09/27/2018, $110.1, 908528, $109.98, $110.8929, $109.17
09/26/2018, $109.74, 785579, $110.88, $110.98, $109.62
09/25/2018, $110.3, 779127, $110.94, $111.6951, $110.05
09/24/2018, $110.97, 701809, $111.78, $112.18, $110.96
09/21/2018, $111.77, 1895263, $112.25, $112.25, $111.19
09/20/2018, $111.54, 818412, $111.89, $112.09, $110.77
09/19/2018, $110.9, 893644, $109.83, $111.25, $109.83
09/18/2018, $109.29, 895892, $109.01, $109.51, $108.3
09/17/2018, $108.96, 1245634, $110.4, $110.86, $108.79
09/14/2018, $110.37, 774664, $109.28, $110.75, $109.28
09/13/2018, $109.17, 1293688, $110.04, $111.35, $108.92
09/12/2018, $110.13, 1508439, $110.1, $110.91, $109.51
09/11/2018, $110.27, 1404057, $109.32, $110.43, $108.5775
09/10/2018, $109.48, 1351088, $108.13, $109.98, $108
09/07/2018, $107.73, 2929286, $111.31, $113.63, $107.49
09/06/2018, $113.26, 1228080, $114.4, $114.94, $112.75
09/05/2018, $114.5, 1201445, $115.08, $116.08, $113.87
09/04/2018, $115.16, 913788, $115.27, $116.12, $114.82
08/31/2018, $115.89, 856210, $115.2, $116.05, $114.51
08/30/2018, $115.41, 937244, $115.96, $116.38, $115.1
08/29/2018, $116.27, 649642, $116.7, $116.87, $115.23
08/28/2018, $116.49, 655660, $116.7, $116.9, $116
08/27/2018, $116.29, 729241, $116.29, $117.68, $116.07
08/24/2018, $115.41, 805056, $115.75, $115.895, $114.925
08/23/2018, $115.06, 756936, $115.64, $116.24, $114.65
08/22/2018, $115.69, 906519, $115.9, $116.44, $115.13
08/21/2018, $116.21, 1009151, $115.6, $117.07, $115.03
08/20/2018, $115.7, 967842, $115.53, $116.11, $115.21
08/17/2018, $115.61, 1027094, $116.28, $116.28, $114.28
08/16/2018, $116.32, 764217, $116.16, $117.13, $115.45
08/15/2018, $115.49, 791735, $116.51, $116.94, $114.62
08/14/2018, $117.57, 1006526, $116.9, $117.78, $115.94
08/13/2018, $116.58, 819053, $117.16, $118.03, $116.49
08/10/2018, $117.14, 979671, $117.96, $118.03, $116.63
08/09/2018, $118.89, 504093, $119.5, $120.18, $118.74
08/08/2018, $119.7, 464922, $118.9, $120.17, $118.21
08/07/2018, $119.36, 704840, $118.89, $120.75, $118.725
08/06/2018, $118.55, 569973, $117.31, $118.79, $117.11
08/03/2018, $117.4, 604767, $117.96, $118.11, $116.4
08/02/2018, $117.44, 985136, $116.54, $118.46, $115.75
08/01/2018, $117.27, 1976589, $119.05, $120.22, $114.3
07/31/2018, $119.08, 1350928, $118.12, $119.72, $117.65
07/30/2018, $117.38, 1297720, $119.23, $119.765, $117.19
07/27/2018, $119.01, 1199825, $121.89, $122.31, $118.05
07/26/2018, $121.6, 1560944, $124.75, $124.75, $121.24
07/25/2018, $124.81, 1380133, $119.8, $125.35, $118.6566
07/24/2018, $121.3, 1229508, $121.74, $122.75, $120.5
07/23/2018, $121.31, 832004, $120.08, $121.56, $120.0101
07/20/2018, $119.86, 745960, $120.39, $120.56, $119.34
07/19/2018, $120.75, 646451, $121.98, $122.15, $120.1594
07/18/2018, $122.15, 864534, $120.84, $122.21, $120.5
07/17/2018, $120.41, 555062, $120.34, $121.19, $119.81
07/16/2018, $120.38, 936479, $119.69, $121.1748, $119.45
07/13/2018, $119.23, 947046, $119.48, $119.95, $118.47
07/12/2018, $119.9, 1382924, $119.86, $120.55, $117.94
07/11/2018, $118.37, 957339, $118.03, $119.17, $117.75
07/10/2018, $118.74, 1077133, $117.6, $119.16, $117.056
07/09/2018, $117.85, 924890, $116.22, $118.04, $116.02
07/06/2018, $115.5, 994108, $115.4, $116.57, $114.62
07/05/2018, $115.49, 748720, $116.69, $117.23, $114.7
07/03/2018, $115.73, 763350, $117.31, $117.62, $115.43
07/02/2018, $116.52, 1163121, $115.45, $116.8, $114.7
06/29/2018, $116.09, 1131086, $116.49, $118.76, $116.07
06/28/2018, $115.68, 1060919, $115.86, $116.24, $114.4
06/27/2018, $115.6, 1636767, $118.51, $119.16, $115.59
06/26/2018, $118.65, 1325858, $119.88, $120.54, $118.37
06/25/2018, $119.74, 1493727, $122.67, $122.67, $119.24
06/22/2018, $123, 3923860, $124.37, $124.37, $122.79
06/21/2018, $123.67, 795924, $124.01, $124.32, $122.41
06/20/2018, $124.44, 790357, $123.77, $125.4, $123.77
06/19/2018, $122.93, 981263, $122.71, $123.275, $121.95
06/18/2018, $123.71, 1155789, $123.56, $124.32, $122.91
06/15/2018, $124.69, 1777437, $123.43, $125.12, $122.64
06/14/2018, $123.66, 1115998, $124.93, $125.61, $123.29
06/13/2018, $125.32, 808040, $126.52, $127.05, $125.01
06/12/2018, $126.24, 797202, $126.49, $127.04, $125.42
06/11/2018, $125.86, 640923, $126.44, $126.825, $125.69
06/08/2018, $125.98, 645763, $124.8, $126.17, $124.25
06/07/2018, $125.22, 1003411, $126.27, $127.43, $124.315
06/06/2018, $126.19, 1355933, $123.07, $126.42, $123.07
06/05/2018, $122.52, 839679, $122.93, $123.62, $122.11
06/04/2018, $123.19, 925851, $123.56, $123.84, $122.6
06/01/2018, $122.9, 895503, $122.46, $123.13, $121.9
05/31/2018, $121.42, 1975795, $121.58, $122.95, $120.8
05/30/2018, $122.29, 1360746, $119.77, $122.99, $119.106
05/29/2018, $118.73, 1181447, $120.14, $120.695, $118.3
05/25/2018, $121.38, 550097, $120.65, $121.78, $120.28
05/24/2018, $121.38, 764020, $121.61, $121.69, $120.04
05/23/2018, $121.55, 1015937, $121.66, $122.15, $120.51
05/22/2018, $122.66, 790641, $122, $123.47, $121.83
05/21/2018, $121.94, 732674, $121.33, $122.36, $120.79
05/18/2018, $120.59, 1263420, $119.6, $121.02, $116.07
05/17/2018, $120.63, 1052717, $120.34, $121.05, $119.28
05/16/2018, $120.75, 1795842, $119.71, $121.8, $119.37
05/15/2018, $117.14, 1119190, $117.1, $117.94, $116.68
05/14/2018, $118.01, 990464, $118.56, $119.47, $117.41
05/11/2018, $118.22, 844413, $117.86, $118.8, $116.66
05/10/2018, $117.59, 1278572, $116.87, $118.37, $116.06
05/09/2018, $116.66, 2651513, $114.88, $117.53, $113.1
05/08/2018, $114.17, 1226548, $113.16, $115.03, $112.6
05/07/2018, $113.47, 1003369, $112.1, $114.08, $111.57
05/04/2018, $111.97, 939375, $108.91, $112.68, $108.35
05/03/2018, $109.44, 1128948, $109.71, $110.35, $107.26
05/02/2018, $110.6, 1226828, $111.1, $111.67, $110.36
05/01/2018, $111.25, 1503934, $111.99, $113.71, $110.35
04/30/2018, $113.82, 1435164, $114.54, $115.26, $113.79
04/27/2018, $114.02, 1392771, $112.31, $114.17, $111.74
04/26/2018, $112.3, 1557932, $111.62, $113.25, $109.8
04/25/2018, $111, 2012054, $108.37, $112.39, $107.56
04/24/2018, $107.37, 1918475, $109.48, $109.61, $105.9
04/23/2018, $108.62, 806659, $109.18, $109.37, $107.95
04/20/2018, $108.44, 1128001, $109.27, $109.55, $107.76
04/19/2018, $108.83, 1216213, $108.61, $110.15, $108.2
04/18/2018, $108.88, 1188135, $109.82, $110.1, $108.44
04/17/2018, $109.23, 1176398, $109.27, $110.24, $108.34
04/16/2018, $107.95, 1603690, $108.05, $108.45, $107.06
04/13/2018, $107.11, 1076046, $109.14, $109.15, $106.55
04/12/2018, $108.05, 965786, $107.18, $108.99, $106.41
04/11/2018, $106.2, 1826260, $105.47, $107.11, $105.11
04/10/2018, $106.74, 1198970, $106.56, $107.62, $105.98
04/09/2018, $104.93, 1395296, $104.98, $107.29, $104.77
04/06/2018, $104.38, 1509739, $106.23, $107.2, $103.27
04/05/2018, $107.53, 1063731, $108.53, $108.87, $106.91
04/04/2018, $107.57, 1690499, $104.49, $107.93, $103.5
04/03/2018, $106.44, 1486576, $105.08, $106.5, $104.27
04/02/2018, $104.67, 1728066, $107.54, $107.79, $102.8968
03/29/2018, $107.97, 1255103, $106.18, $109.04, $105.28
03/28/2018, $105.79, 2135296, $106.71, $107.11, $104.75
03/27/2018, $106.1, 1974177, $108.81, $109.72, $105.59
03/26/2018, $108.34, 1634522, $106.75, $108.69, $105.51
03/23/2018, $104.65, 2868309, $108.24, $108.26, $104.47
03/22/2018, $107.64, 2671892, $111.13, $111.34, $107.44
03/21/2018, $112.58, 2973277, $112.37, $114.65, $111.51
03/20/2018, $112, 3268709, $113.74, $114.49, $111.67
03/19/2018, $113.36, 1650941, $115.35, $115.395, $112.03
03/16/2018, $115.54, 3674338, $115.56, $117.16, $115.45
03/15/2018, $115.41, 1037614, $115.73, $116, $114.69
03/14/2018, $115.5, 1426127, $117.07, $117.325, $114.87
03/13/2018, $116.97, 1491818, $117.25, $119.07, $116.61
03/12/2018, $117.09, 1038240, $117.6, $119, $116.94
03/09/2018, $117.6, 939286, $115, $117.78, $114.86
03/08/2018, $114.17, 946878, $113.53, $114.49, $112.195
03/07/2018, $113.09, 1162220, $111.82, $113.59, $111
03/06/2018, $113.36, 1011001, $112.19, $113.55, $111.5
03/05/2018, $111.85, 1219461, $109.69, $112.1, $109.35
03/02/2018, $110.33, 1414401, $109.56, $110.55, $108.16
03/01/2018, $110.08, 1753757, $112.24, $112.7, $109.36
02/28/2018, $111.9, 1923243, $113.35, $114.62, $111.88
02/27/2018, $112.39, 1526523, $114.17, $115.39, $112.33
02/26/2018, $114.15, 1354176, $112.29, $114.19, $111.74
02/23/2018, $112.3, 1535101, $110.86, $112.32, $110.42
02/22/2018, $110.42, 1445683, $110.86, $111.96, $110.21
02/21/2018, $109.95, 1858818, $110.27, $113.25, $109.78
02/20/2018, $109.91, 2210340, $109.77, $110.97, $108.74
02/16/2018, $110.49, 1415216, $108.9, $111.31, $108.17
02/15/2018, $109.56, 1840659, $109.03, $109.94, $107.02
02/14/2018, $108.32, 1279203, $105.09, $108.41, $104.51
02/13/2018, $105.73, 2038707, $103.94, $105.88, $103.21
02/12/2018, $104.93, 2358753, $104.44, $106.4, $104.1
02/09/2018, $103.41, 3628839, $104.04, $104.31, $99.35
02/08/2018, $101.99, 3050822, $106.78, $107.77, $101.87
02/07/2018, $106.52, 2331828, $106.92, $108.88, $106.32
02/06/2018, $106.97, 3088100, $101.98, $107.55, $100.64
02/05/2018, $105.25, 2645097, $109.47, $111.11, $104.66
02/02/2018, $109.89, 2269120, $111.39, $112.68, $109.5
02/01/2018, $112.16, 1465965, $110.62, $112.72, $110.61
01/31/2018, $111.63, 4146985, $112.46, $112.725, $110.39
01/30/2018, $112.51, 2397734, $115, $115, $111
01/29/2018, $117.55, 2160406, $119.97, $120.07, $117.28
01/26/2018, $119.99, 1493404, $117.88, $119.99, $117.15
01/25/2018, $117.35, 1114667, $118.16, $118.31, $116.73
01/24/2018, $117.71, 1185756, $118.62, $119.12, $116.5
01/23/2018, $118.08, 1230407, $117.5, $118.36, $117
01/22/2018, $117.4, 1403930, $117.86, $118.24, $116.8
01/19/2018, $117.35, 1716607, $116.31, $118.19, $115.84
01/18/2018, $115.79, 1441347, $116.06, $116.57, $115.5
01/17/2018, $116.38, 1588447, $115.08, $116.905, $114.58
01/16/2018, $114.47, 1698026, $116.52, $117.64, $114.32
01/12/2018, $115.35, 1361147, $114.06, $115.62, $113.97
01/11/2018, $113.06, 1956408, $111.86, $113.07, $110.35
01/10/2018, $112.27, 1044067, $111.9, $112.7, $111.24
01/09/2018, $111.75, 1333211, $111.13, $112.17, $110.66
01/08/2018, $109.88, 1675468, $108.22, $110.22, $107.515
01/05/2018, $107.23, 1073168, $105.53, $107.42, $105.31
01/04/2018, $105.31, 773531, $105.13, $106.2, $105
01/03/2018, $104.49, 1169761, $103.5, $104.61, $103.26
01/02/2018, $103.08, 1591424, $104.44, $105, $102.35
12/29/2017, $104.93, 659612, $105.79, $106.1, $104.93
12/28/2017, $105.34, 807992, $105.1, $105.44, $104.7
12/27/2017, $105.02, 1123742, $105.55, $105.85, $104.89
12/26/2017, $105.36, 558780, $105.46, $105.54, $104.925
12/22/2017, $105.24, 835110, $104.6, $105.29, $104.1
12/21/2017, $104.6, 1018608, $104.28, $104.9, $103.39
12/20/2017, $103.76, 1313754, $103.29, $104.8, $103.29
12/19/2017, $103.14, 1113814, $103.98, $104.27, $103.075
12/18/2017, $103.44, 1985774, $103.4, $105.36, $103
12/15/2017, $102.57, 4293882, $101.6, $103.08, $101.03
12/14/2017, $101.59, 1265780, $102.61, $103.12, $101.23
12/13/2017, $101.9, 1314920, $101.91, $103.21, $101.73
12/12/2017, $102.64, 2032914, $101.8, $102.96, $101.8
12/11/2017, $101.85, 1213132, $102.87, $102.88, $101.58
12/08/2017, $102.75, 1950973, $101.95, $103.37, $100.89
12/07/2017, $102.74, 1260717, $101.78, $103.05, $101.68
12/06/2017, $101.79, 1173079, $101.2, $102.46, $101.05
12/05/2017, $101.64, 1929470, $103.77, $104.4, $101.53
12/04/2017, $102.82, 2102437, $103.35, $103.61, $102.07
12/01/2017, $102.79, 1955341, $102.82, $103.57, $100.21
11/30/2017, $102.92, 2708757, $101.8, $103.85, $101.03
11/29/2017, $101.27, 2183313, $100.22, $102.23, $100.13
11/28/2017, $99.75, 1441644, $98.08, $99.8, $97.97
11/27/2017, $97.97, 1147747, $97.95, $99.01, $97.8
11/24/2017, $97.88, 488039, $98.22, $98.31, $97.49
11/22/2017, $97.72, 1126207, $97.55, $98.01, $97
11/21/2017, $97.73, 1566741, $96.92, $97.84, $96.24
11/20/2017, $96.3, 1057168, $96.06, $96.51, $95.4984
11/17/2017, $95.98, 839804, $95.38, $96.19, $95.24
11/16/2017, $95.53, 933691, $94.62, $95.72, $94.4301
11/15/2017, $94.35, 1009986, $93.96, $94.97, $92.88
11/14/2017, $94.48, 1056230, $93.06, $94.54, $93.056
11/13/2017, $93.41, 1067055, $93.03, $93.48, $92.4071
11/10/2017, $93.57, 1119127, $92.93, $93.71, $92.705
11/09/2017, $92.72, 1245995, $93.01, $93.32, $90.951
11/08/2017, $93.49, 1447748, $93.5, $93.58, $91.65
11/07/2017, $93.76, 901247, $95.2, $95.46, $93.35
11/06/2017, $94.95, 1009237, $94.05, $95.04, $94.05
11/03/2017, $94.57, 847840, $94.76, $94.99, $94.15
11/02/2017, $94.63, 1928596, $92.86, $95.92, $92.47
11/01/2017, $92.57, 1030965, $93.48, $93.64, $92.46
10/31/2017, $92.9, 2428913, $92.38, $93.5, $91.89
10/30/2017, $92.42, 1854505, $93.62, $93.9, $92.261
10/27/2017, $93.98, 1753532, $94.78, $94.98, $92
10/26/2017, $95.07, 1734989, $97, $97, $93.27
10/25/2017, $95.15, 1831446, $96.62, $96.91, $93.95
10/24/2017, $96.48, 1200009, $96.75, $96.835, $96.22
10/23/2017, $96.13, 1769366, $96.11, $97.28, $95.96
10/20/2017, $96.86, 1217451, $96.5, $97.35, $96.19
10/19/2017, $95.63, 902741, $95.59, $95.97, $95.095
10/18/2017, $95.76, 944561, $94.96, $95.95, $94.75
10/17/2017, $94.73, 921586, $95.18, $95.21, $94.45
10/16/2017, $94.82, 1312263, $94.96, $95.499, $94.51
10/13/2017, $94.94, 1335905, $94.76, $95.645, $94.37
10/12/2017, $94.46, 1733499, $93.07, $94.715, $93.07
10/11/2017, $92.85, 972750, $92.21, $92.89, $91.6
10/10/2017, $92.18, 1049153, $92.49, $92.58, $91.65
10/09/2017, $91.98, 704096, $92.07, $92.41, $91.83
10/06/2017, $91.72, 829476, $92.06, $92.06, $91.275
10/05/2017, $91.75, 939711, $91.86, $92.38, $91.43
10/04/2017, $91.41, 1142394, $90.97, $91.59, $90.769
10/03/2017, $90.92, 980850, $90.52, $90.95, $90.02
10/02/2017, $90.68, 1477781, $90.43, $90.78, $89.3836
09/29/2017, $90.65, 1798685, $89.91, $91.19, $89.7
09/28/2017, $90.13, 2241002, $88.26, $90.5699, $87.9
09/27/2017, $88.09, 1779756, $87.36, $88.57, $86.99
09/26/2017, $86.56, 1301458, $87.23, $87.43, $86.42
09/25/2017, $87.32, 1171326, $86.59, $87.64, $86.53
09/22/2017, $86.69, 699442, $86.03, $86.77, $85.83
09/21/2017, $85.97, 707924, $85.69, $86.13, $85.38
09/20/2017, $85.72, 990661, $85.47, $85.87, $84.51
09/19/2017, $85.1, 996007, $85.33, $85.77, $84.98
09/18/2017, $85.35, 1275223, $84.73, $85.46, $84.26
09/15/2017, $84.72, 1805119, $84.22, $84.99, $83.9
09/14/2017, $84.27, 923488, $84.01, $84.52, $83.58
09/13/2017, $84.27, 1202423, $83.93, $84.54, $82.82
09/12/2017, $84.86, 1066816, $83.61, $84.86, $83.55
09/11/2017, $83.35, 1206598, $82.77, $83.65, $82.77
09/08/2017, $82.13, 1209709, $81.93, $82.67, $81.77
09/07/2017, $82.25, 1568940, $82.83, $82.83, $81.61
09/06/2017, $82.78, 1399674, $83.26, $83.57, $82.58
09/05/2017, $82.78, 1208910, $83.83, $84.065, $82.57
09/01/2017, $84.28, 856962, $84.59, $84.82, $84.05
08/31/2017, $84.36, 1407027, $84.16, $84.54, $83.76
08/30/2017, $83.82, 921423, $84.05, $84.17, $83.7285
08/29/2017, $84.03, 1089994, $83.5, $84.2, $83.01
08/28/2017, $84.14, 1054766, $84.11, $84.63, $83.77
08/25/2017, $83.9, 1510082, $82.9, $84.28, $82.9
08/24/2017, $82.46, 1212480, $83.19, $83.19, $82.38
08/23/2017, $82.85, 956839, $83.35, $83.35, $82.74
08/22/2017, $83.61, 1131687, $82.57, $83.74, $82.57
08/21/2017, $82.37, 782072, $82.33, $82.74, $81.99
08/18/2017, $82.3, 1091579, $82.55, $82.83, $82.12
08/17/2017, $82.61, 1843129, $83.99, $84.03, $82.53
08/16/2017, $84.14, 1464588, $84.33, $85.07, $84.06
08/15/2017, $83.9, 1049858, $84.05, $84.22, $83.44
08/14/2017, $83.84, 1011871, $83.4, $84, $82.74
08/11/2017, $82.79, 1127023, $83.17, $83.75, $82.57
08/10/2017, $82.85, 2025298, $82.97, $84.77, $82.485
08/09/2017, $83.18, 1295591, $82.94, $83.38, $82.48
08/08/2017, $83.19, 1337875, $83, $83.68, $82.69
08/07/2017, $83.37, 799200, $82.88, $83.55, $82.81
08/04/2017, $82.79, 879543, $83.11, $83.11, $82.58
08/03/2017, $82.65, 1022619, $82.64, $82.93, $82.19
08/02/2017, $82.61, 1271846, $83.49, $83.49, $82.24
08/01/2017, $83.15, 1538773, $83.08, $83.185, $82.48
07/31/2017, $82.72, 2758446, $82.54, $82.94, $82.11
07/28/2017, $82.35, 1386170, $82.51, $82.93, $81.87
07/27/2017, $82.67, 3047695, $85.07, $85.11, $81.83
07/26/2017, $84.92, 2652196, $84.11, $85.42, $84.04
07/25/2017, $83.83, 3019937, $82.01, $84.46, $81.98
07/24/2017, $81.1, 1496706, $80.84, $81.13, $80.37
07/21/2017, $80.83, 991256, $80.96, $81.4, $80.71
07/20/2017, $81.08, 840171, $80.94, $81.25, $80.43
07/19/2017, $80.81, 865012, $80.33, $80.93, $80
07/18/2017, $80.11, 1537392, $79.99, $80.27, $79.78
07/17/2017, $80.16, 1137684, $80.29, $80.49, $79.51
07/14/2017, $80.23, 2189210, $79, $80.64, $79
07/13/2017, $79.19, 4902952, $77.8, $80.05, $77.8
07/12/2017, $75.58, 1032705, $75.37, $76.07, $75.3
07/11/2017, $75.16, 2023116, $75.5, $75.57, $74.3
07/10/2017, $77.05, 1885065, $76.03, $77.5, $76.03
07/07/2017, $76.16, 1413710, $74.61, $76.4, $74.43
07/06/2017, $74.23, 1335724, $75.11, $75.13, $74.155
07/05/2017, $75.31, 974807, $75.19, $75.48, $74.83
07/03/2017, $75.1, 873330, $74.85, $75.69, $74.63
06/30/2017, $74.21, 1474131, $74.6, $74.98, $74.2
06/29/2017, $74.03, 1585241, $75.51, $75.92, $73.5
06/28/2017, $75.04, 1390663, $74.56, $75.27, $74.3
06/27/2017, $74.09, 773316, $74.05, $74.575, $73.82
06/26/2017, $73.83, 1025620, $73.96, $74.275, $73.48
06/23/2017, $73.74, 4791268, $73.49, $74.03, $73.13
06/22/2017, $73.2, 1157691, $72.86, $73.53, $72.44
06/21/2017, $73.04, 1108559, $73.61, $73.68, $72.98
06/20/2017, $73.34, 1003478, $73.93, $73.93, $73.34
06/19/2017, $74.03, 1039400, $73.81, $74.345, $73.44
06/16/2017, $73.35, 2073935, $73.38, $73.45, $72.84
06/15/2017, $73.25, 1151954, $72.46, $73.39, $72.09
06/14/2017, $73.24, 1147662, $73, $73.31, $72.19
06/13/2017, $73.36, 1039393, $73.69, $73.82, $72.76
06/12/2017, $73.92, 1734948, $73.26, $73.97, $72.6
06/09/2017, $73.27, 1669438, $72.08, $73.38, $72
06/08/2017, $71.96, 1481067, $72, $72.81, $71.81
06/07/2017, $71.9, 1298630, $71.43, $72, $71.25
06/06/2017, $71.06, 1328853, $71.72, $71.84, $70.78
06/05/2017, $71.88, 1115975, $71.61, $71.92, $71.09
06/02/2017, $71.53, 1518112, $71.51, $71.71, $70.98
06/01/2017, $71.8, 2156299, $70.72, $71.81, $70.2
05/31/2017, $70.44, 2365745, $69.79, $70.49, $69.6
05/30/2017, $69.78, 1353296, $69.49, $70.05, $69.38
05/26/2017, $69.7, 1370488, $69.57, $70.13, $69.04
05/25/2017, $69.66, 2559358, $68.68, $70.05, $68.3
05/24/2017, $68.68, 5330074, $69.07, $69.51, $67.62
05/23/2017, $71.06, 1458912, $71.23, $71.29, $70.48
05/22/2017, $71.3, 1263284, $70.96, $71.43, $70.64
05/19/2017, $70.63, 1089627, $69.74, $70.75, $69.44
05/18/2017, $69.71, 1637802, $69.24, $69.97, $69.1
05/17/2017, $69.23, 2236660, $70.6, $70.9, $68.94
05/16/2017, $71.83, 1387312, $71.95, $72.09, $71.07
05/15/2017, $72.05, 1363642, $71.26, $72.46, $71.26
05/12/2017, $71.26, 1271676, $71.14, $71.49, $70.89
05/11/2017, $71.25, 1562301, $71.71, $72.03, $71.03
05/10/2017, $72.05, 1610851, $71.38, $72.05, $71.15
05/09/2017, $71.52, 1885282, $71.19, $71.605, $70.81
05/08/2017, $71.05, 2226591, $71.85, $72, $70.5
05/05/2017, $71.9, 1226306, $71.94, $71.94, $71.36
05/04/2017, $71.78, 1570923, $72.17, $72.19, $71.38
05/03/2017, $71.86, 1766387, $71.41, $71.88, $70.98
05/02/2017, $71.38, 1475726, $70.9, $71.39, $70.43
05/01/2017, $70.62, 2298274, $71.24, $71.36, $70.49
04/28/2017, $70.89, 2921311, $70.54, $70.92, $70.17
04/27/2017, $70.52, 1228539, $70.51, $70.68, $70.01
04/26/2017, $70.16, 2231578, $69.5, $70.68, $69.44
04/25/2017, $69.59, 4252943, $71, $71.01, $69.08
04/24/2017, $72.63, 1901315, $72.97, $73.09, $72.49
04/21/2017, $71.79, 1145070, $72.38, $72.51, $71.56
04/20/2017, $72.3, 2112488, $72.31, $72.51, $71.65
04/19/2017, $71.8, 1973123, $71.59, $72.15, $71.39
04/18/2017, $71.26, 1308046, $70.99, $72.02, $70.94
04/17/2017, $71.47, 1581587, $70.49, $71.51, $70.3
04/13/2017, $70.26, 1744344, $70.31, $71.04, $69.88
04/12/2017, $70.45, 2266364, $69.7, $71.17, $69.7
04/11/2017, $69.99, 2722649, $70, $70.16, $69.01
04/10/2017, $70.26, 4491833, $69.78, $70.82, $69.5
04/07/2017, $69.7, 1695269, $69.18, $70.05, $68.845
04/06/2017, $69.33, 1931106, $68.96, $69.66, $68.515
04/05/2017, $68.85, 2181380, $68.7, $69.65, $68.44
04/04/2017, $68.26, 1582671, $67.86, $68.2874, $67.69
04/03/2017, $68.2, 3137644, $68.25, $68.58, $67.6
03/31/2017, $68.15, 3138274, $68.06, $68.3, $67.77
03/30/2017, $68.21, 3177294, $67.96, $68.575, $67.81
03/29/2017, $67.92, 1835478, $68.07, $68.27, $67.37
03/28/2017, $68.39, 2055989, $67.49, $68.792, $67.32
03/27/2017, $67.63, 1211386, $67.17, $67.94, $66.7
03/24/2017, $67.83, 1358227, $68.42, $68.56, $67.59
03/23/2017, $68.2, 1724850, $68.71, $69.29, $68.14
03/22/2017, $68.79, 1748170, $68.4, $68.91, $67.87
03/21/2017, $68.6, 2082442, $69.73, $69.76, $68.01
03/20/2017, $69.26, 1457239, $69.36, $69.6, $68.8075
03/17/2017, $69.36, 4421403, $71.31, $71.5, $69.33
03/16/2017, $71.94, 1557717, $71.96, $72.42, $71.81
03/15/2017, $71.75, 1696770, $71.39, $71.98, $71.27
03/14/2017, $71.18, 1296300, $71.01, $71.45, $70.69
03/13/2017, $71.9, 1199530, $71.35, $72.08, $71.23
03/10/2017, $71.35, 1272763, $71.22, $71.56, $70.99
03/09/2017, $70.72, 1729262, $71.59, $71.79, $70.645
03/08/2017, $71.3, 1018286, $71.25, $71.92, $71.21
03/07/2017, $70.9, 895705, $71.05, $71.25, $70.71
03/06/2017, $71.07, 1064867, $71.09, $71.57, $70.78
03/03/2017, $71.31, 1523160, $71.83, $72.3014, $71.01
03/02/2017, $71.71, 1633363, $72.55, $72.6, $71.71
03/01/2017, $72.53, 2321957, $72, $72.658, $71.63
02/28/2017, $71.21, 2616625, $71.89, $72.3, $70.77
02/27/2017, $72.08, 1089541, $71.95, $72.505, $71.865
02/24/2017, $71.95, 1018776, $71.56, $71.965, $71.24
02/23/2017, $71.96, 1667989, $71.75, $71.97, $71.43
02/22/2017, $71.46, 1202785, $70.81, $71.48, $70.81
02/21/2017, $71.2, 1415143, $71.43, $71.65, $70.9
02/17/2017, $71.1, 1261032, $70.75, $71.11, $70.31
02/16/2017, $71.32, 1419464, $71, $71.785, $71
02/15/2017, $71.55, 2266420, $69.91, $71.6522, $69.7
02/14/2017, $69.86, 1741461, $69.65, $70.08, $69.44
02/13/2017, $69.82, 2018137, $69.71, $69.9966, $69.01
02/10/2017, $69.4, 2106574, $68.63, $69.4, $68.5
02/09/2017, $68.45, 1744563, $68.03, $68.679, $67.58
02/08/2017, $67.57, 1912323, $67.5, $67.89, $67.32
02/07/2017, $67.55, 1446223, $67.56, $67.84, $67.18
02/06/2017, $67.33, 1867726, $66.7, $67.995, $66.7
02/03/2017, $67.71, 2869393, $67.23, $68.27, $67.01
02/02/2017, $66.45, 3702355, $66.6, $66.8, $65.33
02/01/2017, $66.77, 2988044, $68.09, $68.43, $66.59
01/31/2017, $67.44, 3669044, $67.64, $68.04, $67.17
01/30/2017, $67.96, 3038559, $69.15, $69.28, $67.7
01/27/2017, $69.39, 4349647, $69.82, $69.905, $67.81
01/26/2017, $70.26, 7648681, $71.91, $72.61, $68.09
01/25/2017, $74.18, 1894336, $74.36, $74.56, $73.52
01/24/2017, $73.84, 1196467, $73.49, $74.08, $73.11
01/23/2017, $73.45, 1342677, $73.35, $73.62, $72.83
01/20/2017, $73.7, 1782593, $72.87, $73.7, $72.39
01/19/2017, $72.75, 1665163, $73.49, $73.49, $72.42
01/18/2017, $73.29, 1825122, $73.23, $73.34, $72.6
01/17/2017, $73.05, 1764236, $73.15, $73.43, $72.64
01/13/2017, $73.68, 876183, $73.83, $74.43, $73.47
01/12/2017, $73.53, 1195119, $73.64, $73.8544, $72.4
01/11/2017, $74.02, 1438578, $73.51, $74.02, $73.09
01/10/2017, $73.48, 2469172, $72.88, $73.93, $72.03
01/09/2017, $72.83, 3979390, $75.29, $75.66, $72.59
01/06/2017, $75.62, 1667127, $76.49, $76.756, $75.37
01/05/2017, $76.37, 1033818, $76.87, $76.87, $75.23
01/04/2017, $76.97, 1281912, $76.2, $77.08, $75.85
01/03/2017, $75.84, 1664410, $76.34, $76.77, $75.46
12/30/2016, $75.26, 1309986, $75.95, $76.08, $74.93
12/29/2016, $75.54, 869899, $76.05, $76.462, $75.38
12/28/2016, $76.07, 547824, $77.1, $77.1, $76
12/27/2016, $76.9, 499406, $76.89, $77, $76.5
12/23/2016, $76.59, 765242, $76.45, $76.78, $76.03
12/22/2016, $76.57, 1752831, $77.53, $77.7, $76.51
12/21/2016, $77.42, 1042540, $77.47, $77.7, $77.1345
12/20/2016, $77.67, 1473705, $77.2, $77.71, $76.765
12/19/2016, $76.63, 1267156, $76.56, $76.775, $75.88
12/16/2016, $76.76, 3524561, $76.01, $76.9, $75.97
12/15/2016, $76, 1052526, $76.08, $76.8, $75.57
12/14/2016, $75.71, 1603625, $76.19, $77, $75.6
12/13/2016, $76.44, 1826707, $76.06, $76.99, $75.81
12/12/2016, $76.03, 1860730, $76.4, $77.11, $75.69
12/09/2016, $76.6, 2921611, $78.46, $78.46, $76.52
12/08/2016, $78.61, 2268375, $77.35, $78.95, $77
12/07/2016, $77.35, 1479360, $76.13, $77.38, $75.86
12/06/2016, $76.09, 1624519, $75.98, $76.11, $75.49
12/05/2016, $75.58, 1700936, $75.97, $76.35, $75.19
12/02/2016, $75.48, 1650947, $75.3, $75.86, $74.7575
12/01/2016, $75.57, 2669810, $74.52, $75.69, $74.1
11/30/2016, $74.06, 2036450, $74.07, $74.74, $73.67
11/29/2016, $73.38, 1079629, $73.33, $73.6, $72.87
11/28/2016, $73.15, 1292601, $73.98, $74.35, $73.07
11/25/2016, $74.43, 490432, $74.4, $74.81, $74.05
11/23/2016, $74.28, 1026630, $73.85, $74.473, $73.5
11/22/2016, $74.05, 1535783, $73.9, $74.1, $73.12
11/21/2016, $73.73, 1183147, $73.7, $73.92, $73.32
11/18/2016, $73.47, 1461390, $73.33, $73.98, $73.0165
11/17/2016, $73.18, 2219566, $72.25, $73.3932, $72
11/16/2016, $72.5, 1512351, $72.96, $73.37, $72.33
11/15/2016, $73.62, 2588926, $72.45, $73.6399, $72.4
11/14/2016, $73.23, 4119057, $71.43, $73.24, $71.22
11/11/2016, $70.5, 3610440, $70.14, $70.81, $69.32
11/10/2016, $70.29, 6432453, $68.5, $74.18, $68.35
11/09/2016, $68.35, 5024306, $63.79, $68.95, $63.73
11/08/2016, $63.77, 2728369, $64.2, $64.47, $63.32
11/07/2016, $64.33, 1104572, $64.73, $64.85, $64.05
11/04/2016, $63.7, 1645547, $63.67, $64.3, $63.42
11/03/2016, $63.69, 1649988, $63.35, $64.05, $63.35
11/02/2016, $63.21, 3553569, $63.74, $63.865, $62.97
11/01/2016, $63.82, 2459677, $64.24, $64.29, $63.3
10/31/2016, $64.01, 2782990, $64.24, $64.375, $63.67
10/28/2016, $64, 2039603, $63.75, $64.75, $63.58
10/27/2016, $63.83, 4684949, $66.57, $67.53, $63.14
10/26/2016, $66.35, 1725316, $65.88, $66.44, $65.68
10/25/2016, $66.04, 1826288, $66.8, $67.41, $65.94
10/24/2016, $66.79, 1620622, $66.23, $66.98, $66.23
10/21/2016, $65.96, 1144199, $65.5, $66.02, $65.39
10/20/2016, $65.88, 1424109, $65.73, $66.24, $65.68
10/19/2016, $65.88, 1007436, $65.38, $65.97, $65.21
10/18/2016, $65.21, 1507957, $65.73, $65.765, $64.83
10/17/2016, $65.05, 1386228, $65.77, $65.9, $64.93
10/14/2016, $65.9, 1256763, $66.22, $66.57, $65.61
10/13/2016, $65.67, 1185884, $65.74, $65.83, $64.9
10/12/2016, $66.16, 2193487, $65.82, $66.83, $65.82
10/11/2016, $65.95, 1921789, $66.66, $66.7, $65.55
10/10/2016, $66.79, 1650663, $66.96, $67.23, $66.67
10/07/2016, $66.58, 1972257, $67.28, $67.67, $66.32
10/06/2016, $67.34, 1113063, $67.52, $67.765, $67.25
10/05/2016, $67.58, 2088473, $66.75, $67.66, $66.75
10/04/2016, $66.55, 2198281, $66.57, $67.07, $66.1
10/03/2016, $66.45, 1672597, $66.29, $67.065, $66.03
09/30/2016, $66.5, 1798957, $66.08, $66.81, $65.74
09/29/2016, $65.54, 1265213, $66.27, $66.48, $65.25
09/28/2016, $66.35, 1657117, $65.23, $66.395, $65.23
09/27/2016, $65.56, 1858638, $65.1, $65.855, $64.765
09/26/2016, $65.2, 1353211, $65.64, $66.025, $65.16
09/23/2016, $65.92, 1500736, $66.35, $66.97, $65.92
09/22/2016, $66.82, 1230222, $67.29, $67.47, $66.81
09/21/2016, $66.83, 1528589, $66.74, $67.11, $66.17
09/20/2016, $66.63, 1217031, $67.24, $67.34, $66.63
09/19/2016, $66.64, 1470336, $67.25, $67.8, $66.58
09/16/2016, $67.02, 2134279, $67.27, $67.31, $66.41
09/15/2016, $67.8, 1082065, $66.91, $67.95, $66.89
09/14/2016, $66.99, 1351421, $67.47, $67.75, $66.89
09/13/2016, $67.34, 1790086, $67.56, $67.92, $67.02
09/12/2016, $68.6, 1321281, $67.04, $68.83, $66.86
09/09/2016, $67.48, 1851713, $68.51, $68.755, $67.48
09/08/2016, $68.84, 885741, $69.12, $69.35, $68.48
09/07/2016, $69.34, 1085289, $68.93, $69.5, $68.93
09/06/2016, $69.08, 803548, $69.03, $69.3, $68.62
09/02/2016, $69.27, 761539, $69.02, $69.45, $68.8
09/01/2016, $68.75, 1094229, $69.78, $69.98, $68.51
08/31/2016, $69.54, 1846217, $69.91, $70, $69.01
08/30/2016, $69.9, 813063, $69.1, $69.9, $69.1
08/29/2016, $68.95, 1076192, $68.93, $69.19, $68.77
08/26/2016, $68.88, 1282806, $68.87, $69.64, $67.75
08/25/2016, $68.71, 960989, $68.88, $69.11, $68.55
08/24/2016, $68.97, 876141, $69.15, $69.65, $68.8
08/23/2016, $69.54, 690163, $69.53, $69.75, $69.41
08/22/2016, $69.05, 830551, $68.93, $69.25, $68.74
08/19/2016, $68.98, 1206054, $68.86, $69.25, $68.335
08/18/2016, $69.12, 1031659, $69, $69.41, $68.98
08/17/2016, $69.01, 1319179, $68.69, $69.03, $68.505
08/16/2016, $68.64, 1105008, $68.42, $68.95, $68.22
08/15/2016, $68.64, 1156299, $68.77, $69.08, $68.58
08/12/2016, $68.73, 1003215, $68.87, $69, $68.57
08/11/2016, $69.01, 1221765, $68.9, $69.19, $68.83
08/10/2016, $68.78, 1260317, $69.02, $69.12, $68.59
08/09/2016, $68.79, 1704016, $69.78, $69.78, $68.7
08/08/2016, $69.68, 1548008, $70.06, $70.14, $69.53
08/05/2016, $69.84, 1614392, $69.74, $70.09, $69.47
08/04/2016, $69.05, 1015331, $69.01, $69.55, $68.8
08/03/2016, $69.1, 1692708, $69.56, $69.59, $68.79
08/02/2016, $69, 1769268, $69.79, $69.79, $68.78
08/01/2016, $69.84, 1888208, $70.56, $70.6922, $69.69
07/29/2016, $70.69, 2357130, $70.2, $70.95, $69.91
07/28/2016, $70.44, 1722362, $70.42, $70.715, $69.83
07/27/2016, $70.68, 2836662, $70.65, $71.08, $68.51
07/26/2016, $70.55, 3335939, $72, $72.23, $70.45
07/25/2016, $73.69, 1719732, $74.14, $74.34, $73.3
07/22/2016, $74.12, 977014, $74.17, $74.2, $73.61
07/21/2016, $73.88, 993516, $74.22, $74.4, $73.76
07/20/2016, $74.07, 1238960, $73.73, $74.145, $72.73
07/19/2016, $74.08, 1217606, $74.42, $74.42, $73.64
07/18/2016, $74.59, 1067378, $74.67, $74.92, $74.42
07/15/2016, $74.65, 1052494, $74.48, $74.67, $73.8
07/14/2016, $74.13, 1156850, $74.89, $75.12, $74.07
07/13/2016, $73.89, 1207352, $74.65, $74.92, $73.56
07/12/2016, $74.47, 1273176, $74.04, $74.51, $73.75
07/11/2016, $73.34, 1027065, $73.56, $74.05, $72.88
07/08/2016, $73.24, 1357893, $72.71, $73.29, $72.6
07/07/2016, $71.59, 1369408, $71.73, $72.39, $70.93
07/06/2016, $71.96, 1245138, $71.35, $72.11, $70.61
07/05/2016, $71.35, 1114583, $71.7, $71.92, $70.785
07/01/2016, $72.34, 1222310, $72.91, $73.395, $72.02
06/30/2016, $72.97, 1856098, $71.4, $72.97, $71.06
06/29/2016, $71.34, 1961280, $70.25, $71.41, $70
06/28/2016, $69.38, 2245429, $68.43, $69.5, $67.86
06/27/2016, $67.62, 2427268, $68.67, $68.8, $67.34
06/24/2016, $69.6, 3841604, $70.02, $71.64, $68.1
06/23/2016, $73.52, 973944, $72.79, $73.53, $72.11
06/22/2016, $72, 771156, $72.1, $72.55, $71.54
06/21/2016, $71.85, 1309750, $72.43, $72.84, $71.65
06/20/2016, $72.21, 1104881, $72.37, $73.07, $72.14
06/17/2016, $71.37, 1353072, $71.11, $71.66, $70.8
06/16/2016, $71.24, 1129763, $70.81, $71.35, $70.27
06/15/2016, $71.56, 1521745, $71.54, $72.47, $71.33
06/14/2016, $71.14, 1304432, $71.45, $71.785, $70.8
06/13/2016, $71.72, 1348102, $72.18, $72.66, $71.68
06/10/2016, $72.83, 1047359, $73.62, $73.77, $72.545
06/09/2016, $74.37, 838280, $74.88, $74.88, $74.1
06/08/2016, $75.08, 978414, $75.29, $75.715, $74.76
06/07/2016, $75.47, 884952, $76.42, $76.47, $75.36
06/06/2016, $76.41, 1032165, $75.98, $76.93, $75.98
06/03/2016, $75.98, 1054208, $75.8, $76.27, $74.97
06/02/2016, $76.94, 1006727, $76.55, $76.94, $76.19
06/01/2016, $77.02, 900968, $76.5, $77.08, $76.2
05/31/2016, $77.06, 1942855, $77.66, $77.7, $76.55
05/27/2016, $77.13, 701334, $76.89, $77.5, $76.7225
05/26/2016, $76.66, 723822, $77.21, $77.5, $76.63
05/25/2016, $77.36, 1089381, $76.73, $77.63, $76.6812
05/24/2016, $76.57, 1278287, $75.14, $76.78, $74.8
05/23/2016, $74.51, 1054404, $74.52, $75.03, $74.42
05/20/2016, $74.88, 3992088, $74.13, $75.07, $74.06
05/19/2016, $73.74, 1217614, $73.99, $74.28, $73.04
05/18/2016, $74.43, 1787672, $74.02, $74.72, $73.57
05/17/2016, $74.08, 1191121, $74.36, $74.81, $73.77
05/16/2016, $74.74, 1008843, $74.21, $75.08, $74.21
05/13/2016, $74.13, 1046443, $75.39, $76, $73.57
05/12/2016, $75.61, 914215, $75.69, $76.18, $75.07
05/11/2016, $75.35, 1346020, $75.45, $76.07, $75.33
05/10/2016, $75.86, 1447475, $75.25, $75.93, $75.035
05/09/2016, $75.04, 1346111, $74.8, $75.41, $74.45
05/06/2016, $75.09, 1422861, $73.75, $75.11, $73.7
05/05/2016, $74.34, 1895346, $74.62, $74.9, $74.07
05/04/2016, $74.29, 1204918, $74.69, $74.96, $74.04
05/03/2016, $74.93, 1186905, $75.09, $75.09, $73.94
05/02/2016, $75.69, 1334781, $75.65, $75.92, $74.7
04/29/2016, $75.29, 1431679, $75.05, $75.75, $74.76
04/28/2016, $75.77, 1759843, $76.94, $77.23, $75.44
04/27/2016, $77.46, 1952611, $77.19, $77.98, $76.88
04/26/2016, $77.52, 2740392, $78.48, $79, $76.32
04/25/2016, $76.97, 1897086, $77.27, $77.85, $76.58
04/22/2016, $77.58, 1524951, $77.57, $78.03, $77.08
04/21/2016, $77.63, 1438838, $78.35, $78.71, $77.22
04/20/2016, $78.34, 1647136, $77.92, $78.68, $77.5
04/19/2016, $77.72, 1159662, $77.18, $77.85, $76.8
04/18/2016, $76.6, 1078801, $76.34, $76.71, $76.01
04/15/2016, $76.53, 1004881, $76.54, $76.86, $76.15
04/14/2016, $76.61, 1040184, $76.49, $76.97, $75.51
04/13/2016, $76.5, 2418528, $74.72, $76.52, $74.54
04/12/2016, $74.04, 1668931, $72.45, $74.09, $72.0201
04/11/2016, $72.19, 1175633, $72.43, $73.47, $72.14
04/08/2016, $71.8, 1275679, $72.2, $72.3, $71.42
04/07/2016, $71.48, 1366686, $72.63, $73.05, $71.26
04/06/2016, $73.35, 1333355, $72.5, $73.6, $72.352
04/05/2016, $72.34, 1047058, $72.51, $72.71, $72.08
04/04/2016, $73.03, 1012842, $73.78, $73.98, $72.84
04/01/2016, $73.95, 1299229, $72.97, $74.08, $72.412
03/31/2016, $73.46, 1326576, $73.79, $74.21, $73.39
03/30/2016, $73.9, 1442597, $74.16, $74.72, $73.81
03/29/2016, $73.9, 1447332, $72.34, $74.0535, $71.84
03/28/2016, $72.8, 668915, $72.74, $73.07, $72.15
03/24/2016, $72.51, 1150985, $72.36, $72.62, $72.05
03/23/2016, $73.1, 1063471, $73.05, $73.52, $72.54
03/22/2016, $73.09, 969081, $72.94, $73.6199, $72.65
03/21/2016, $73.36, 1083864, $73.24, $73.7, $72.26
03/18/2016, $73.54, 2446550, $73.45, $73.89, $72
03/17/2016, $73.21, 1768923, $71.42, $73.81, $71.33
03/16/2016, $71.32, 1095828, $70.15, $71.61, $69.97
03/15/2016, $70.6, 1746682, $70.79, $70.91, $69.9
03/14/2016, $71.67, 1053307, $71.88, $72.32, $71.51
03/11/2016, $72.63, 1287035, $71.9, $72.83, $71.58
03/10/2016, $71.31, 918196, $71.85, $71.9, $70.22
03/09/2016, $71.52, 1354525, $72.2, $72.36, $70.9
03/08/2016, $71.97, 1609199, $71.97, $72.6, $71.56
03/07/2016, $72.56, 1210671, $72.35, $73, $72
03/04/2016, $72.78, 1367909, $72.34, $73.28, $71.97
03/03/2016, $72.34, 1123599, $71.76, $72.35, $71.26
03/02/2016, $71.67, 1307375, $71.16, $71.69, $70.45
03/01/2016, $71.4, 1740178, $69.93, $71.4, $69.63
02/29/2016, $69.11, 1388827, $69.76, $70.23, $69.09
02/26/2016, $69.72, 1040705, $70.51, $70.64, $69.3
02/25/2016, $69.64, 1028413, $69.19, $69.65, $68.155
02/24/2016, $68.96, 1483941, $67.34, $69.08, $66.27
02/23/2016, $68.6, 1260589, $70.03, $70.27, $68.27
02/22/2016, $69.89, 1271099, $69.72, $70.24, $69.14
02/19/2016, $68.86, 1463773, $69.14, $69.395, $68.33
02/18/2016, $69.43, 1569199, $70.52, $70.55, $69
02/17/2016, $70.26, 1858171, $69.26, $70.7, $68.515
02/16/2016, $68.47, 1546007, $68.5, $68.81, $67.74
02/12/2016, $67.55, 1368647, $66.87, $67.56, $65.98
02/11/2016, $65.48, 2095167, $64.71, $66.2, $64.65
02/10/2016, $66.59, 1509487, $67.46, $68.35, $66.55
02/09/2016, $66.49, 2326340, $65.2, $67.15, $64.81
02/08/2016, $65.97, 4241860, $67.98, $67.98, $64.26
02/05/2016, $68.64, 2616542, $69.4, $69.91, $68.365
02/04/2016, $69.78, 3472632, $68.41, $69.82, $68.4
02/03/2016, $68.64, 2326248, $68.46, $69.07, $66.4
02/02/2016, $68.05, 2657128, $68.92, $69.46, $67.79
02/01/2016, $70.16, 2375405, $70.44, $70.6, $69.4
01/29/2016, $70.95, 2843953, $68.51, $71.16, $68.4405
01/28/2016, $68.42, 2984743, $68.25, $70.8, $68.01
01/27/2016, $66.23, 2231968, $66.67, $67.5682, $65.5
01/26/2016, $66.65, 1533266, $65.77, $67.6461, $65.44
01/25/2016, $65.41, 1640791, $67.08, $67.34, $65.29
01/22/2016, $67.43, 1650778, $66.77, $67.44, $66.28
01/21/2016, $65.56, 2112296, $65.33, $67.257, $65.11
01/20/2016, $65.09, 2598145, $64.4, $65.77, $63.75
01/19/2016, $65.56, 2025228, $65.95, $66.54, $65.07
01/15/2016, $64.95, 2669717, $63.83, $65.489, $63.57
01/14/2016, $65.58, 2277262, $65.15, $66.1552, $64.35
01/13/2016, $64.87, 2297061, $66.97, $67.76, $64.705
01/12/2016, $66.71, 2915662, $65.73, $66.82, $65.16
01/11/2016, $65.01, 2068949, $65.7, $65.96, $64.34
01/08/2016, $65.36, 2142527, $67.46, $67.65, $65.28
01/07/2016, $67.06, 2238119, $67.51, $68.76, $66.67
01/06/2016, $68.9, 1752252, $69.14, $69.405, $68.62
01/05/2016, $70.48, 1403665, $70.39, $70.81, $69.5
01/04/2016, $70.19, 2353503, $69.93, $70.21, $69.17
12/31/2015, $71.49, 1052924, $72.05, $72.49, $71.49
12/30/2015, $72.09, 1080980, $72.93, $73.39, $72.0351
12/29/2015, $73.1, 1021078, $72.73, $73.64, $72.73
12/28/2015, $72.72, 1010988, $72.25, $72.8303, $71.97
12/24/2015, $72.45, 431884, $72.48, $72.9611, $72.18
12/23/2015, $72.75, 1583146, $71, $73, $70.92
12/22/2015, $70.91, 1809897, $70.63, $70.98, $70.19
12/21/2015, $70.39, 1612031, $70.52, $70.75, $70.02
12/18/2015, $69.91, 2553153, $70.48, $70.98, $69.81
12/17/2015, $71.01, 1564600, $72.14, $72.4949, $70.9
12/16/2015, $72.13, 2696372, $72.14, $72.4062, $70.97
12/15/2015, $71.37, 2104403, $70.89, $71.65, $70.89
12/14/2015, $70.04, 1984249, $70.2, $71, $68.76
12/11/2015, $70.8, 2173192, $72.33, $72.48, $70.47
12/10/2015, $73.34, 1653165, $73.13, $74.13, $72.94
12/09/2015, $73.17, 1131327, $73.75, $74.47, $72.75
12/08/2015, $74.11, 1901595, $74.59, $74.68, $73.94
12/07/2015, $75.16, 1592090, $75.86, $76.07, $74.69
12/04/2015, $76.03, 2197406, $75.3, $76.26, $75.14
12/03/2015, $75.17, 2346535, $75.74, $75.93, $74.64
12/02/2015, $75.54, 1157318, $76.5, $76.59, $75.3
12/01/2015, $76.49, 1326429, $76.6, $77.05, $76.02
11/30/2015, $76.15, 1468944, $76.16, $76.41, $75.48
11/27/2015, $75.95, 512459, $76.06, $76.13, $75.49
11/25/2015, $76.01, 858608, $75.59, $76.42, $75.34
11/24/2015, $75.62, 870814, $75.24, $75.78, $74.9701
11/23/2015, $76.15, 655639, $76.42, $76.7, $76.02
11/20/2015, $76.37, 1069429, $76.67, $76.91, $75.91
11/19/2015, $76.38, 716389, $76.38, $76.48, $76.01
11/18/2015, $76.49, 1194792, $74.81, $76.49, $74.72
11/17/2015, $74.74, 1064062, $75.23, $75.57, $74.47
11/16/2015, $75.34, 797641, $74.3, $75.36, $73.78
11/13/2015, $74.36, 1235560, $75.03, $75.32, $74.16
11/12/2015, $75.25, 1382668, $76.03, $76.67, $75.19
11/11/2015, $76.38, 966422, $76.47, $76.735, $76.17
11/10/2015, $76.16, 824123, $75.45, $76.16, $75.26
11/09/2015, $75.53, 1360564, $76.81, $76.87, $75.25
11/06/2015, $76.93, 930326, $77.17, $77.71, $76.415
11/05/2015, $76.67, 831310, $76.38, $77.05, $76.26
11/04/2015, $76.19, 1018405, $76.6, $76.94, $76
11/03/2015, $76.68, 1170903, $75.82, $76.89, $75.67
11/02/2015, $76.19, 1433297, $75.96, $76.22, $75.58
10/30/2015, $75.62, 1967703, $75.36, $75.99, $75.01
10/29/2015, $75.38, 1247303, $74.86, $75.55, $74.31
10/28/2015, $75.24, 1644279, $74.06, $75.24, $73.8
10/27/2015, $73.95, 1019196, $73.52, $74, $73.21
10/26/2015, $74.19, 1284349, $74.31, $74.53, $73.87
10/23/2015, $74.39, 1986100, $74.61, $74.61, $73.43
10/22/2015, $74.25, 3740170, $70.9, $74.6235, $70.74
10/21/2015, $69.64, 1406067, $70.97, $71, $69.56
10/20/2015, $70.55, 1033590, $70.49, $70.79, $70.12
10/19/2015, $70.26, 992026, $70.31, $70.59, $70
10/16/2015, $70.8, 1308831, $70.53, $70.9, $70.2
10/15/2015, $70.2, 1202463, $69.19, $70.2, $69.13
10/14/2015, $68.98, 1296864, $69.13, $69.85, $68.845
10/13/2015, $69.15, 1679892, $70.23, $70.28, $69.08
10/12/2015, $70.24, 2320736, $70.89, $71, $69.6
10/09/2015, $71.5, 1528775, $72.14, $72.45, $71.13
10/08/2015, $72.04, 1631030, $71.47, $72.17, $70.95
10/07/2015, $71.98, 1430503, $71.45, $72.17, $70.65
10/06/2015, $70.63, 1205343, $70.54, $70.87, $69.99
10/05/2015, $70.75, 1509313, $69.51, $70.82, $69.425
10/02/2015, $68.74, 2105605, $66.32, $68.75, $65.882
10/01/2015, $68.59, 1880821, $69.55, $69.94, $67.94
09/30/2015, $69.5, 1920877, $69.21, $69.53, $68.505
09/29/2015, $68.27, 2689922, $69.45, $71.19, $67.98
09/28/2015, $69.1, 4012236, $68.94, $69.38, $68.44
09/25/2015, $69.12, 2098134, $68.94, $69.47, $68.63
09/24/2015, $68.36, 2242278, $68.42, $68.77, $67.93
09/23/2015, $68.87, 1370019, $69.31, $69.372, $68.51
09/22/2015, $69.06, 1969048, $69.16, $69.85, $68.56
09/21/2015, $70.22, 1033322, $69.9, $70.44, $69.55
09/18/2015, $69.57, 2956126, $70.09, $70.76, $69.28
09/17/2015, $71.06, 1846136, $71.46, $72.44, $70.93
09/16/2015, $71.68, 1380859, $71.04, $71.79, $70.48
09/15/2015, $70.95, 1900107, $70.58, $71.51, $70.17
09/14/2015, $70.58, 1309356, $70.96, $70.976, $70.28
09/11/2015, $71, 1181322, $70.22, $71.03, $70
09/10/2015, $70.92, 1366039, $70.46, $71.5, $70.42
09/09/2015, $70.45, 1689642, $72, $72.88, $70.32
09/08/2015, $71.15, 1839798, $70.26, $71.18, $69.598
09/04/2015, $69.44, 1500914, $69.45, $70.12, $68.99
09/03/2015, $70.36, 1853886, $69.89, $70.77, $69.74
09/02/2015, $69.91, 1591136, $70.37, $70.54, $69
09/01/2015, $69.38, 2445361, $70.15, $70.32, $69.05
08/31/2015, $71.88, 1305814, $71.87, $72.245, $71.3
08/28/2015, $72.4, 1408214, $72.09, $72.48, $71.81
08/27/2015, $72.9, 2214785, $71.57, $73.12, $71.57
08/26/2015, $70.81, 3412796, $69.62, $71.12, $69.16
08/25/2015, $68.33, 3048783, $72.2, $72.2, $68.32
08/24/2015, $69.65, 4130691, $68.33, $72.1, $67.76
08/21/2015, $72.09, 3034698, $73.37, $73.77, $72.01
08/20/2015, $73.93, 1509565, $75.2, $75.2, $72
08/19/2015, $75.47, 899017, $75.97, $76.24, $75.1006
08/18/2015, $76.34, 676643, $77.57, $77.57, $76.05
08/17/2015, $76.23, 819083, $75.5, $76.28, $75.36
08/14/2015, $76.07, 772237, $75.59, $76.15, $75.5
08/13/2015, $75.83, 982082, $75.38, $76.355, $75.02
08/12/2015, $75.47, 2510441, $75.74, $75.756, $74.04
08/11/2015, $76.18, 1131030, $76.67, $76.67, $75.88
08/10/2015, $76.89, 1181858, $76.51, $76.9, $76.25
08/07/2015, $75.84, 969832, $76.06, $76.27, $75.33
08/06/2015, $75.89, 1164228, $76.85, $76.8699, $75.46
08/05/2015, $76.48, 1561874, $77.34, $77.49, $76.07
08/04/2015, $77.05, 1112298, $77.25, $77.77, $76.73
08/03/2015, $77.24, 1100102, $77.13, $77.39, $76.71
07/31/2015, $77.13, 1431790, $77.63, $77.98, $77.02
07/30/2015, $77.5, 1175228, $77.09, $77.83, $77.02
07/29/2015, $77.56, 1105303, $77.38, $77.77, $76.93
07/28/2015, $77.16, 1042730, $77.37, $77.38, $76.65
07/27/2015, $76.63, 1427872, $76.58, $76.9, $75.55
07/24/2015, $76.84, 1714994, $77.1, $77.56, $75.99
07/23/2015, $77.28, 2349949, $78.06, $78.98, $77.03
07/22/2015, $78.74, 1639170, $79.07, $79.22, $78.45
07/21/2015, $79.07, 1029764, $79.14, $79.74, $78.74
07/20/2015, $79.35, 792535, $79.53, $79.62, $79.05
07/17/2015, $79.42, 1180929, $79.16, $79.5, $79.02
07/16/2015, $79.51, 1463990, $78.69, $79.52, $78.41
07/15/2015, $78.19, 1113578, $78.38, $78.53, $77.87
07/14/2015, $78.09, 1077644, $78.34, $78.46, $77.91
07/13/2015, $78.31, 1209834, $78.13, $78.38, $77.73
07/10/2015, $77.43, 1193507, $77.48, $77.5765, $76.92
07/09/2015, $76.61, 2031308, $76.74, $77.17, $76.48
07/08/2015, $75.77, 1863814, $76.48, $76.76, $75.61
07/07/2015, $77.215, 1514212, $77.12, $77.3, $75.88
07/06/2015, $76.93, 1407968, $76.48, $77.18, $76.37
07/02/2015, $77.34, 1132640, $77.91, $77.98, $76.92
07/01/2015, $77.68, 1581481, $78.46, $78.8, $77.47
06/30/2015, $77.73, 1708311, $78.42, $78.86, $77.29
06/29/2015, $77.47, 2136652, $77.55, $78.966, $77.3901
06/26/2015, $79.4, 2062512, $79.04, $79.78, $78.71
06/25/2015, $78.06, 1467301, $78.67, $78.96, $77.98
06/24/2015, $78.73, 1675031, $78.83, $79.33, $78.68
06/23/2015, $78.95, 1873135, $79.24, $79.33, $78.784
06/22/2015, $79.07, 1347543, $79.28, $79.81, $78.89
06/19/2015, $78.85, 1852248, $79.48, $79.74, $78.85
06/18/2015, $79.645, 1372968, $79.03, $79.96, $79.03
06/17/2015, $78.75, 1205025, $78.97, $79.24, $78.62
06/16/2015, $78.78, 1095185, $77.65, $78.86, $77.65
06/15/2015, $78.03, 1565997, $77.63, $78.33, $77.41
06/12/2015, $78.33, 1039425, $78.82, $78.83, $78.15
06/11/2015, $78.97, 1481991, $78.98, $79.2, $78.57
06/10/2015, $78.87, 1515936, $78.61, $79.01, $78.5
06/09/2015, $78.1, 1752261, $78.93, $78.93, $78.07
06/08/2015, $78.61, 1372316, $79.06, $79.6, $78.56
06/05/2015, $79.22, 1306881, $79.64, $79.71, $78.87
06/04/2015, $79.2, 1628301, $79.81, $79.93, $78.95
06/03/2015, $79.97, 2797388, $80.55, $80.8, $79.55
06/02/2015, $80.28, 1600357, $80.41, $80.61, $79.82
06/01/2015, $80.81, 1288237, $80.95, $81.22, $80.14
05/29/2015, $80.69, 1182352, $81.03, $81.28, $80.66
05/28/2015, $81.28, 992615, $81.11, $81.34, $80.885
05/27/2015, $81.27, 1215782, $81.04, $81.6, $80.65
05/26/2015, $80.67, 1403795, $81.44, $81.635, $80.27
05/22/2015, $81.57, 888215, $81.62, $81.96, $81.33
05/21/2015, $81.69, 830183, $81.52, $81.83, $81.31
05/20/2015, $81.79, 847721, $81.88, $82.13, $81.49
05/19/2015, $81.95, 1056236, $82.31, $82.5, $81.76
05/18/2015, $82.13, 716099, $81.5, $82.33, $81.48
05/15/2015, $81.55, 1569318, $82.06, $82.22, $81.312
05/14/2015, $81.98, 799369, $81.68, $82.095, $81.22
05/13/2015, $81.18, 1369659, $80.91, $81.345, $80.62
05/12/2015, $81.13, 1003133, $81.31, $81.39, $80.33
05/11/2015, $81.65, 1017427, $81.68, $82.1, $81.58
05/08/2015, $81.68, 1144399, $81.33, $81.94, $81.2401
05/07/2015, $80.75, 2241595, $80.57, $80.96, $80.29
05/06/2015, $80.62, 1121929, $81.58, $81.88, $80.1698
05/05/2015, $81.39, 973450, $81.51, $82.13, $81.22
05/04/2015, $81.92, 1005005, $81.9, $82.08, $81.56
05/01/2015, $81.49, 904652, $81.45, $81.59, $80.96
04/30/2015, $81.18, 1717796, $81.52, $82.16, $80.85
04/29/2015, $81.94, 1370658, $82.1, $82.87, $81.5
04/28/2015, $82.775, 1150483, $82.09, $82.79, $81.69
04/27/2015, $82.4, 1011016, $82.67, $83.06, $82.2
04/24/2015, $82.57, 1097089, $82.04, $82.67, $81.83
04/23/2015, $82.07, 1649276, $82.57, $82.57, $81.71
04/22/2015, $82.59, 2073887, $83.45, $83.45, $81.165
04/21/2015, $82.8, 1514464, $83.42, $83.5, $82.66
04/20/2015, $83, 1571509, $83.19, $83.52, $82.74
04/17/2015, $82.42, 1936758, $82.61, $82.61, $81.98
04/16/2015, $83.055, 1879224, $82.41, $83.23, $81.95
04/15/2015, $82.79, 1254534, $82.43, $83, $82.27
04/14/2015, $82.07, 1607618, $80.89, $82.36, $80.635
04/13/2015, $81.4, 1576003, $80.9, $81.89, $80.61
04/10/2015, $80.98, 1401969, $81.29, $81.51, $80.59
04/09/2015, $81.44, 1965448, $80.63, $81.72, $80.2401
04/08/2015, $80.61, 2281426, $79.38, $80.77, $79.21
04/07/2015, $79.05, 1456731, $80.32, $80.54, $79.01
04/06/2015, $82.12, 1014033, $81.195, $82.35, $80.95
04/02/2015, $81.96, 952189, $81.79, $82.08, $81.3
04/01/2015, $81.6, 1511635, $81.15, $81.765, $80.58
03/31/2015, $80.98, 1472279, $81.46, $81.65, $80.95
